Workbook

Sheet 能力地图
A1: 地图ID | B1: 地图名称 | C1: 品类编码（全品类编码） | D1: 品类名称 | E1: 品类编码（全品类编码） | F1: A级描述 | G1: B级描述 | H1: C级描述
A2: 227 | B2: CO/PICCO附件-选型沙盘 | C2: =VLOOKUP(D2,[1]品类分类!$F:$G,2,FALSE) -> 001400020007 | D2: CO/PICCO附件 | E2: 001400020007 | F2: 产品量产>1年 | G2: 产品未量产上市 | H2: 没有类似产品
A3: 228 | B3: ICG/FLOTRAC附件-选型沙盘 | C3: =VLOOKUP(D3,[1]品类分类!$F:$G,2,FALSE) -> 001400020008 | D3: ICG/FLOTRAC附件 | E3: 001400020008 | F3: 产品量产>1年 | G3: 产品未量产上市 | H3: 没有类似产品
A4: 229 | B4: 疼痛参数附件-选型沙盘 | C4: =VLOOKUP(D4,[1]品类分类!$F:$G,2,FALSE) -> 001400020009 | D4: 疼痛参数附件 | E4: 001400020009 | F4: 产品量产>1年 | G4: 产品未量产上市 | H4: 没有类似产品
A5: 230 | B5: CO2附件-选型沙盘 | C5: =VLOOKUP(D5,[1]品类分类!$F:$G,2,FALSE) -> 001400020010 | D5: CO2附件 | E5: 001400020010 | F5: 产品量产>1年 | G5: 产品未量产上市 | H5: 没有类似产品
A6: 231 | B6: ISE电解质模块及附件-选型沙盘 | C6: =VLOOKUP(D6,[1]品类分类!$F:$G,2,FALSE) -> 001400020011 | D6: ISE电解质模块及附件 | E6: 001400020011 | F6: 产品量产>1年 | G6: 产品未量产上市 | H6: 没有类似产品
A7: 233 | B7: 探头声头附件-选型沙盘 | C7: =VLOOKUP(D7,[1]品类分类!$F:$G,2,FALSE) -> 001400030002 | D7: 探头声头附件 | E7: 001400030002 | F7: 产品已量产 | G7: 产品未量产上市 | H7: 没有类似产品
A8: 237 | B8: 外科手术器械附件-选型沙盘 | C8: =VLOOKUP(D8,[1]品类分类!$F:$G,2,FALSE) -> 001400050002 | D8: 外科手术器械附件 | E8: 001400050002 | F8: 产品已量产 | G8: 产品未量产上市 | H8: 没有类似产品
A9: 238 | B9: 整机-选型沙盘 | C9: =VLOOKUP(D9,[1]品类分类!$F:$G,2,FALSE) -> 001400060001 | D9: 整机 | E9: 001400060001 | F9: 产品量产>1年 | G9: 产品未量产上市 | H9: 没有类似产品
A10: 239 | B10: 整机配套附件-选型沙盘 | C10: =VLOOKUP(D10,[1]品类分类!$F:$G,2,FALSE) -> 001400060002 | D10: 整机配套附件 | E10: 001400060002 | F10: 产品量产>1年 | G10: 产品未量产上市 | H10: 没有类似产品
A11: 346 | B11: 多抗-选型沙盘 | C11: 002400010001 | D11: 多抗 | E11: 002400010001 | F11: 有，厂家优势产品 | G11: 有，常规产品 | H11: 无此产品
A12: 347 | B12: 天然抗原-选型沙盘 | C12: 002400010002 | D12: 天然抗原 | E12: 002400010002 | F12: 有，厂家优势产品 | G12: 有，常规产品 | H12: 无此产品
A13: 348 | B13: 单抗-选型沙盘 | C13: 002400010003 | D13: 单抗 | E13: 002400010003 | F13: 有，厂家优势产品 | G13: 有，常规产品 | H13: 无此产品
A14: 349 | B14: 重组抗原-选型沙盘 | C14: 002400010004 | D14: 重组抗原 | E14: 002400010004 | F14: 有，厂家优势产品 | G14: 有，常规产品 | H14: 无此产品
A15: 350 | B15: 酶-选型沙盘 | C15: 002400020001 | D15: 酶 | E15: 002400020001 | F15: 有，厂家优势产品 | G15: 有，常规产品 | H15: 无此产品
A16: 351 | B16: 阻断剂/稳定剂-选型沙盘 | C16: 002400030001 | D16: 阻断剂/稳定剂 | E16: 002400030001 | F16: 有，厂家优势产品 | G16: 有，常规产品 | H16: 无此产品
A17: 352 | B17: BSA-选型沙盘 | C17: 002400030002 | D17: BSA | E17: 002400030002 | F17: 有，厂家优势产品 | G17: 有，常规产品 | H17: 无此产品
A18: 353 | B18: 质控校准原料-选型沙盘 | C18: 002400040001 | D18: 质控校准原料 | E18: 002400040001 | F18: 有，厂家优势产品 | G18: 有，常规产品 | H18: 无此产品
A19: 354 | B19: 生物耗材-选型沙盘 | C19: 002400050001 | D19: 生物耗材 | E19: 002400050001 | F19: 有，厂家优势产品 | G19: 有，常规产品 | H19: 无此产品
A20: 355 | B20: 表面活性剂-选型沙盘 | C20: 002500010001 | D20: 表面活性剂 | E20: 002500010001 | F20: 有，厂家优势产品 | G20: 有，常规产品 | H20: 无此产品
A21: 356 | B21: 抑菌剂-选型沙盘 | C21: 002500020001 | D21: 抑菌剂 | E21: 002500020001 | F21: 有，厂家优势产品 | G21: 有，常规产品 | H21: 无此产品
A22: 357 | B22: 活性化学试剂-选型沙盘 | C22: 002500030001 | D22: 活性化学试剂 | E22: 002500030001 | F22: 有，厂家优势产品 | G22: 有，常规产品 | H22: 无此产品
... A28: 176 | B28: 柱塞泵-选型沙盘 | C28: 001200010003 | D28: 柱塞泵 | E28: 001200010003 | F28: 产品量产﹥1年 | G28: 产品正在开发中 | H28: 没有类似产品
A29: 278 | B29: 螺钉/螺栓-选型沙盘 | C29: =VLOOKUP(D29,[2]品类分类!$F:$G,2,FALSE) -> 001700010001 | D29: 螺钉/螺栓 | E29: 001700010001 | F29: 产品量产>1年 | G29: 产品正在开发中 | H29: 没有类似产品
A30: 279 | B30: 组合螺钉-选型沙盘 | C30: =VLOOKUP(D30,[2]品类分类!$F:$G,2,FALSE) -> 001700010002 | D30: 组合螺钉 | E30: 001700010002 | F30: 产品量产>1年 | G30: 产品正在开发中 | H30: 没有类似产品
A31: 280 | B31: 螺母-选型沙盘 | C31: =VLOOKUP(D31,[2]品类分类!$F:$G,2,FALSE) -> 001700010003 | D31: 螺母 | E31: 001700010003 | F31: 产品量产>1年 | G31: 产品正在开发中 | H31: 没有类似产品
A32: 281 | B32: 垫圈/挡圈-选型沙盘 | C32: =VLOOKUP(D32,[2]品类分类!$F:$G,2,FALSE) -> 001700010004 | D32: 垫圈/挡圈 | E32: 001700010004 | F32: 产品量产>1年 | G32: 产品正在开发中 | H32: 没有类似产品
A33: 282 | B33: 螺柱/铆钉-选型沙盘 | C33: =VLOOKUP(D33,[2]品类分类!$F:$G,2,FALSE) -> 001700010005 | D33: 螺柱/铆钉 | E33: 001700010005 | F33: 产品量产>1年 | G33: 产品正在开发中 | H33: 没有类似产品
A34: 283 | B34: 定位件-选型沙盘 | C34: =VLOOKUP(D34,[2]品类分类!$F:$G,2,FALSE) -> 001700010006 | D34: 定位件 | E34: 001700010006 | F34: 产品量产>1年 | G34: 产品正在开发中 | H34: 没有类似产品
A35: 284 | B35: 定制紧固件-选型沙盘 | C35: =VLOOKUP(D35,[2]品类分类!$F:$G,2,FALSE) -> 001700010007 | D35: 定制紧固件 | E35: 001700010007 | F35: 产品量产>1年 | G35: 产品正在开发中 | H35: 没有类似产品
A36: 285 | B36: 螺线弹簧-选型沙盘 | C36: =VLOOKUP(D36,[2]品类分类!$F:$G,2,FALSE) -> 001700020001 | D36: 螺线弹簧 | E36: 001700020001 | F36: 产品量产>1年 | G36: 产品正在开发中 | H36: 没有类似产品
A37: 286 | B37: 特种弹簧-选型沙盘 | C37: =VLOOKUP(D37,[2]品类分类!$F:$G,2,FALSE) -> 001700020002 | D37: 特种弹簧 | E37: 001700020002 | F37: 产品量产>1年 | G37: 产品正在开发中 | H37: 没有类似产品
A38: 287 | B38: 直线传动件-选型沙盘 | C38: =VLOOKUP(D38,[2]品类分类!$F:$G,2,FALSE) -> 001700030001 | D38: 直线传动件 | E38: 001700030001 | F38: 产品量产>1年 | G38: 产品正在开发中 | H38: 没有类似产品
A39: 288 | B39: 标准啮合传动件-选型沙盘 | C39: =VLOOKUP(D39,[2]品类分类!$F:$G,2,FALSE) -> 001700030002 | D39: 标准啮合传动件 | E39: 001700030002 | F39: 产品量产>1年 | G39: 产品正在开发中 | H39: 没有类似产品
A40: 289 | B40: 带传动件-选型沙盘 | C40: =VLOOKUP(D40,[2]品类分类!$F:$G,2,FALSE) -> 001700030003 | D40: 带传动件 | E40: 001700030003 | F40: 产品量产>1年 | G40: 产品正在开发中 | H40: 没有类似产品
... A57: 314 | B57: 机加表面处理-能力地图 | C57: =VLOOKUP(D57,[2]品类分类!$F:$G,2,FALSE) -> 001800040001 | D57: 机加表面处理 | E57: 001800040001 | F57: ①加工迈瑞产品量产1年以上或②供应商TOP级客户同类产品完成2~16个项目； | G57: 加工迈瑞打样或量产产品13年以内，其能力未得到充分验证； | H57: 供应商有合作意愿，但技术能力不足以支撑，有待进一步成长；
A58: 316 | B58: 自制机加钣金工序外协-能力地图 | C58: =VLOOKUP(D58,[2]品类分类!$F:$G,2,FALSE) -> 001900020001 | D58: 自制机加钣金工序外协 | E58: 001900020001
A59: 317 | B59: 弹片-能力地图 | C59: =VLOOKUP(D59,[2]品类分类!$F:$G,2,FALSE) -> 001900030001 | D59: 弹片 | E59: 001900030001 | F59: ①加工迈瑞产品量产1年以上；②供应商客户同类产品加工2~4个项目； | G59: ①加工迈瑞打样或量产产品1年以内，其能力未得到充分验证； | H59: 供应商有合作意愿，但技术能力不足以支撑，有待进一步成长；
A60: 319 | B60: 洁净注塑-能力地图 | C60: =VLOOKUP(D60,[2]品类分类!$F:$G,2,FALSE) -> 002000010002 | D60: 洁净注塑 | E60: 002000010002 | F60: A: 已经具有量产1年以上经验 (迈瑞或同行业TOP级制造商） | G60: B:刚量产生产爬坡阶段 | H60: C：验证中或无生产过
A61: 320 | B61: 量产手板件-能力地图 | C61: =VLOOKUP(D61,[2]品类分类!$F:$G,2,FALSE) -> 002000010003 | D61: 量产手板件 | E61: 002000010003
A62: 321 | B62: 橡胶件-能力地图 | C62: =VLOOKUP(D62,[2]品类分类!$F:$G,2,FALSE) -> 002000020001 | D62: 橡胶件 | E62: 002000020001 | F62: A: 已经具有量产1年以上经验（迈瑞或同行业TOP级制造商） | G62: B:刚量产生产爬坡阶段 | H62: C. 供应商有合作意愿，但技术能力不足以支撑，有待进一步成长；
A63: 322 | B63: 硅胶件-能力地图 | C63: =VLOOKUP(D63,[2]品类分类!$F:$G,2,FALSE) -> 002000020002 | D63: 硅胶件 | E63: 002000020002 | F63: A: 已经具有量产1年以上经验（迈瑞或同行业TOP级制造商） | G63: B:刚量产生产爬坡阶段 | H63: C. 供应商有合作意愿，但技术能力不足以支撑，有待进一步成长；
A64: 323 | B64: 塑胶原材料-能力地图 | C64: =VLOOKUP(D64,[2]品类分类!$F:$G,2,FALSE) -> 002000030001 | D64: 塑胶原材料 | E64: 002000030001
A65: 324 | B65: 洁净吹塑-能力地图 | C65: =VLOOKUP(D65,[2]品类分类!$F:$G,2,FALSE) -> 002000040001 | D65: 洁净吹塑 | E65: 002000040001 | F65: A: 已经具有量产1年以上经验 (迈瑞或同行业TOP级制造商） | G65: B:刚量产生产爬坡阶段 | H65: C：验证中或无生产过
A66: 325 | B66: 浸塑-能力地图 | C66: =VLOOKUP(D66,[2]品类分类!$F:$G,2,FALSE) -> 002000040002 | D66: 浸塑 | E66: 002000040002 | F66: A: 已经具有量产1年以上经验 (迈瑞或同行业TOP级制造商） | G66: B:刚量产生产爬坡阶段 | H66: C：验证中或无生产过
A67: 327 | B67: 吸塑件-能力地图 | C67: =VLOOKUP(D67,[2]品类分类!$F:$G,2,FALSE) -> 002000040004 | D67: 吸塑件 | E67: 002000040004 | F67: A: 已经具有量产1年以上经验 (迈瑞或同行业TOP级制造商） | G67: B:刚量产生产爬坡阶段 | H67: C：验证中或无生产过
A68: 328 | B68: 胶管及组件-能力地图 | C68: =VLOOKUP(D68,[2]品类分类!$F:$G,2,FALSE) -> 002000050001 | D68: 胶管及组件 | E68: 002000050001 | F68: A具有成熟的生产能力及较强的研制能力，同时具有较稳定的供应能力 | G68: B具有一定的生产能力及研制能力，但产能较低 | H68: C研制能力较为一般，或供应能力不稳定
A69: 331 | B69: 粉末冶金铸造-能力地图 | C69: =VLOOKUP(D69,[2]品类分类!$F:$G,2,FALSE) -> 002100030001 | D69: 粉末冶金铸造 | E69: 002100030001 | F69: A: 已经具有量产1年以上经验（迈瑞或同行业TOP级制造商） | G69: B:刚量产生产爬坡阶段 | H69: C. 供应商有合作意愿，但技术能力不足以支撑，有待进一步成长；
A70: 333 | B70: 机械组件-能力地图 | C70: =VLOOKUP(D70,[2]品类分类!$F:$G,2,FALSE) -> 002200010001 | D70: 机械组件 | E70: 002200010001 | F70: A: 已具备量产1年以上经验（迈瑞/同行业TOP级制造商） | G70: B:自制工艺未跟迈瑞直接合作的； | H70: C：验证中或无生产过
A71: 221 | B71: 心电附件-选型沙盘 | C71: 001400020001 | D71: 心电附件 | E71: 001400020001 | F71: 产品量产>1年 | G71: 产品未量产上市 | H71: 没有类似产品
A72: 105 | B72: OEM参数线缆-能力地图 | C72: 000500010001 | D72: OEM参数线缆 | E72: 000500010001 | F72: 有如下行业量产产品，且量产时间≥1年 | G72: 有类似产品开发能力 | H72: 无开发能力
A73: 100 | B73: 刚性PCB-能力地图 | C73: 000300010001 | D73: 刚性PCB | E73: 000300010001 | F73: 已经量产一年以上 | G73: 有打样，无量产经验 | H73: 未生产过
A74: 101 | B74: FPC-能力地图 | C74: 000300020001 | D74: FPC | E74: 000300020001 | F74: 已经量产一年以上 | G74: 有打样，无量产经验 | H74: 未生产过
A75: 102 | B75: 刚柔结合PCB-能力地图 | C75: 000300030001 | D75: 刚柔结合PCB | E75: 000300030001 | F75: 已经量产一年以上 | G75: 有打样，无量产经验 | H75: 未生产过
A76: 103 | B76: 陶瓷基-能力地图 | C76: 000300040001 | D76: 陶瓷基 | E76: 000300040001 | F76: A: ①医疗汽车通讯国际TOP级制造商；（医疗：飞利浦、GE、罗氏、西门子；汽车：大众、特斯拉、丰田；通讯：华为、西门子）或②航空航天、高铁、核电制造商； | G76: B：已经量产产品 | H76: 未生产过
A77: 104 | B77: PCBA-加工能力地图 | C77: 000400010001 | D77: PCBA | E77: 000400010001 | F77: 具有成熟的量产加工经验 | G77: 打样未量产 | H77: 未生产过

Sheet 能力地图信息
A1: 地图ID | B1: 地图名称 | C1: 能力ID | D1: 一阶能力描述 | E1: 二阶能力描述 | F1: 三阶能力描述
A2: 227 | B2: CO/PICCO附件-选型沙盘 | C2: =A2&"001" -> 227001 | D2: 关键参数 | E2: 创伤性（微创） | F2: 创伤性（微创）
A3: 227 | B3: CO/PICCO附件-选型沙盘 | C3: =C2+1 -> 227002 | D3: 关键参数 | E3: 典型操作部位（颈静脉+股动脉） | F3: 典型操作部位（颈静脉+股动脉）
A4: 227 | B4: CO/PICCO附件-选型沙盘 | C4: =C3+1 -> 227003 | D4: 关键参数 | E4: 测量原理（经肺CO +_x000B_脉搏Contour图分析） | F4: 测量原理（经肺CO +_x000B_脉搏Contour图分析）
A5: 228 | B5: ICG/FLOTRAC附件-选型沙盘 | C5: =A5&"001" -> 228001 | D5: 关键参数 | E5: 创伤性（无创） | F5: 创伤性（无创）
A6: 228 | B6: ICG/FLOTRAC附件-选型沙盘 | C6: =C5+1 -> 228002 | D6: 关键参数 | E6: 创伤性（微创） | F6: 创伤性（微创）
A7: 228 | B7: ICG/FLOTRAC附件-选型沙盘 | C7: =C6+1 -> 228003 | D7: 关键参数 | E7: 典型操作部位（动脉） | F7: 典型操作部位（动脉）
A8: 228 | B8: ICG/FLOTRAC附件-选型沙盘 | C8: =C7+1 -> 228004 | D8: 关键参数 | E8: 典型操作部位（颈部和胸部皮肤外表面） | F8: 典型操作部位（颈部和胸部皮肤外表面）
A9: 228 | B9: ICG/FLOTRAC附件-选型沙盘 | C9: =C8+1 -> 228005 | D9: 关键参数 | E9: 测量原理（脉搏Contour图分析） | F9: 测量原理（脉搏Contour图分析）
A10: 228 | B10: ICG/FLOTRAC附件-选型沙盘 | C10: =C9+1 -> 228006 | D10: 关键参数 | E10: 测量原理（电阻抗法） | F10: 测量原理（电阻抗法）
A11: 229 | B11: 疼痛参数附件-选型沙盘 | C11: =A11&"001" -> 229001 | D11: 关键参数 | E11: 疼痛参数ANIi（0-100） | F11: 疼痛参数ANIi（0-100）
A12: 229 | B12: 疼痛参数附件-选型沙盘 | C12: =C11+1 -> 229002 | D12: 关键参数 | E12: 疼痛参数ANIm（0-100） | F12: 疼痛参数ANIm（0-100）
A13: 229 | B13: 疼痛参数附件-选型沙盘 | C13: =C12+1 -> 229003 | D13: 关键参数 | E13: 通讯接口RS232 | F13: 通讯接口RS232
A14: 229 | B14: 疼痛参数附件-选型沙盘 | C14: =C13+1 -> 229004 | D14: 关键参数 | E14: 典型操作部位（胸部） | F14: 典型操作部位（胸部）
A15: 230 | B15: CO2附件-选型沙盘 | C15: =A15&"001" -> 230001 | D15: 关键参数 | E15: 微流 | F15: 微流
A16: 230 | B16: CO2附件-选型沙盘 | C16: =C15+1 -> 230002 | D16: 关键参数 | E16: 主流 | F16: 主流
A17: 230 | B17: CO2附件-选型沙盘 | C17: =C16+1 -> 230003 | D17: 关键参数 | E17: 采样方式（气路采样） | F17: 采样方式（气路采样）
A18: 230 | B18: CO2附件-选型沙盘 | C18: =C17+1 -> 230004 | D18: 关键参数 | E18: 采样方式（鼻腔采样） | F18: 采样方式（鼻腔采样）
A19: 230 | B19: CO2附件-选型沙盘 | C19: =C18+1 -> 230005 | D19: 关键参数 | E19: 无创 | F19: 无创
A20: 230 | B20: CO2附件-选型沙盘 | C20: =C19+1 -> 230006 | D20: 销售区域 | E20: CE | F20: CE
A21: 230 | B21: CO2附件-选型沙盘 | C21: =C20+1 -> 230007 | D21: 销售区域 | E21: FDA | F21: FDA
A22: 230 | B22: CO2附件-选型沙盘 | C22: =C21+1 -> 230008 | D22: 销售区域 | E22: CFDA | F22: CFDA
A23: 230 | B23: CO2附件-选型沙盘 | C23: =C22+1 -> 230009 | D23: 适用人群 | E23: 新生儿 | F23: 新生儿
A24: 230 | B24: CO2附件-选型沙盘 | C24: =C23+1 -> 230010 | D24: 适用人群 | E24: 小儿 | F24: 小儿
A25: 230 | B25: CO2附件-选型沙盘 | C25: =C24+1 -> 230011 | D25: 适用人群 | E25: 成人 | F25: 成人
A26: 231 | B26: ISE电解质模块及附件-选型沙盘 | C26: =A26&"001" -> 231001 | D26: 关键参数(ISE模块) | E26: 间接法 | F26: 间接法
A27: 231 | B27: ISE电解质模块及附件-选型沙盘 | C27: =C26+1 -> 231002 | D27: 关键参数(ISE模块) | E27: 直接法 | F27: 直接法
A28: 231 | B28: ISE电解质模块及附件-选型沙盘 | C28: =C27+1 -> 231003 | D28: 关键参数(ISE模块) | E28: 测试速度（血清）（200样本/H） | F28: 测试速度（血清）（200样本/H）
A29: 231 | B29: ISE电解质模块及附件-选型沙盘 | C29: =C28+1 -> 231004 | D29: 关键参数(ISE模块) | E29: 测试速度（血清）（100样本/H） | F29: 测试速度（血清）（100样本/H）
A30: 231 | B30: ISE电解质模块及附件-选型沙盘 | C30: =C29+1 -> 231005 | D30: 关键参数(ISE模块) | E30: 测试速度（尿液）（133样本/H） | F30: 测试速度（尿液）（133样本/H）
A31: 231 | B31: ISE电解质模块及附件-选型沙盘 | C31: =C30+1 -> 231006 | D31: 关键参数(ISE模块) | E31: 测试速度（尿液）（60样本/H） | F31: 测试速度（尿液）（60样本/H）
A32: 231 | B32: ISE电解质模块及附件-选型沙盘 | C32: =C31+1 -> 231007 | D32: 关键参数(电极) | E32: Na,K有效期（12月） | F32: Na,K有效期（12月）
A33: 231 | B33: ISE电解质模块及附件-选型沙盘 | C33: =C32+1 -> 231008 | D33: 关键参数(电极) | E33: Na,K样本数量30000 | F33: Na,K样本数量30000
A34: 231 | B34: ISE电解质模块及附件-选型沙盘 | C34: =C33+1 -> 231009 | D34: 关键参数(电极) | E34: Na,K样本数量10000 | F34: Na,K样本数量10000
A35: 231 | B35: ISE电解质模块及附件-选型沙盘 | C35: =C34+1 -> 231010 | D35: 关键参数(电极) | E35: Cl有效期（12月） | F35: Cl有效期（12月）
A36: 231 | B36: ISE电解质模块及附件-选型沙盘 | C36: =C35+1 -> 231011 | D36: 关键参数(电极) | E36: Cl有效期（9月） | F36: Cl有效期（9月）
A37: 231 | B37: ISE电解质模块及附件-选型沙盘 | C37: =C36+1 -> 231012 | D37: 关键参数(电极) | E37: Cl样本数量30000 | F37: Cl样本数量30000
A38: 231 | B38: ISE电解质模块及附件-选型沙盘 | C38: =C37+1 -> 231013 | D38: 关键参数(电极) | E38: Cl样本数量10000 | F38: Cl样本数量10000
A39: 233 | B39: 探头声头附件-选型沙盘 | C39: =A39&"001" -> 233001 | D39: 脚踏开关 | E39: 无线脚踏开关 | F39: 单键
A40: 233 | B40: 探头声头附件-选型沙盘 | C40: =C39+1 -> 233002 | D40: 脚踏开关 | E40: 无线脚踏开关 | F40: 多键
A41: 233 | B41: 探头声头附件-选型沙盘 | C41: =C40+1 -> 233003 | D41: 脚踏开关 | E41: 有线脚踏开关 | F41: 单键
A42: 233 | B42: 探头声头附件-选型沙盘 | C42: =C41+1 -> 233004 | D42: 脚踏开关 | E42: 有线脚踏开关 | F42: 多键
A43: 233 | B43: 探头声头附件-选型沙盘 | C43: =C42+1 -> 233005 | D43: 穿刺架 | E43: 重复使用穿刺架 | F43: 重复使用穿刺架
A44: 233 | B44: 探头声头附件-选型沙盘 | C44: =C43+1 -> 233006 | D44: 穿刺架 | E44: 一次性穿刺架 | F44: 一次性穿刺架
A45: 233 | B45: 探头声头附件-选型沙盘 | C45: =C44+1 -> 233007 | D45: 超声耦合剂 | E45: 超声耦合剂 | F45: 超声耦合剂
A46: 233 | B46: 探头声头附件-选型沙盘 | C46: =C45+1 -> 233008 | D46: 蛇骨组件 | E46: 蛇骨组件 | F46: 蛇骨组件
A47: 233 | B47: 探头声头附件-选型沙盘 | C47: =C46+1 -> 233009 | D47: 传动软轴 | E47: 传动软轴 | F47: 传动软轴
A48: 233 | B48: 探头声头附件-选型沙盘 | C48: =C47+1 -> 233010 | D48: 牙套附件 | E48: 牙套附件 | F48: 牙套附件
A49: 237 | B49: 外科手术器械附件-选型沙盘 | C49: =A49&"001" -> 237001 | D49: 万向臂及其相关组件 Schure Loc XPS | E49: 万向臂及其相关组件 Schure Loc XPS | F49: 万向臂及其相关组件 Schure Loc XPS
A50: 237 | B50: 外科手术器械附件-选型沙盘 | C50: =C49+1 -> 237002 | D50: 肩关节手术板 E-Z Lift Beach Chair | E50: 肩关节手术板 E-Z Lift Beach Chair | F50: 肩关节手术板 E-Z Lift Beach Chair
A51: 237 | B51: 外科手术器械附件-选型沙盘 | C51: =C50+1 -> 237003 | D51: 肘关节支撑架 Elbow Arthroscopy Support | E51: 肘关节支撑架 Elbow Arthroscopy Support | F51: 肘关节支撑架 Elbow Arthroscopy Support
A52: 237 | B52: 外科手术器械附件-选型沙盘 | C52: =C51+1 -> 237004 | D52: 肩关节牵引器 Lateral Shoulder Holder | E52: 肩关节牵引器 Lateral Shoulder Holder | F52: 肩关节牵引器 Lateral Shoulder Holder
A53: 237 | B53: 外科手术器械附件-选型沙盘 | C53: =C52+1 -> 237005 | D53: 膝关节手术固定器 TKR POSITIONERS | E53: 膝关节手术固定器 TKR POSITIONERS | F53: 膝关节手术固定器 TKR POSITIONERS
A54: 237 | B54: 外科手术器械附件-选型沙盘 | C54: =C53+1 -> 237006 | D54: 手外科手术板 Rectangle minor procedure table | E54: 手外科手术板 Rectangle minor procedure table | F54: 手外科手术板 Rectangle minor procedure table
A55: 237 | B55: 外科手术器械附件-选型沙盘 | C55: =C54+1 -> 237007 | D55: 弓形脊柱手术托架 Schure Spine Frame | E55: 弓形脊柱手术托架 Schure Spine Frame | F55: 弓形脊柱手术托架 Schure Spine Frame
A56: 237 | B56: 外科手术器械附件-选型沙盘 | C56: =C55+1 -> 237008 | D56: 大腿绑带 Nissen Straps | E56: 大腿绑带 Nissen Straps | F56: 大腿绑带 Nissen Straps
A57: 237 | B57: 外科手术器械附件-选型沙盘 | C57: =C56+1 -> 237009 | D57: 托手架 Multi-axis Arm Positioner | E57: 托手架 Multi-axis Arm Positioner | F57: 托手架 Multi-axis Arm Positioner
A58: 237 | B58: 外科手术器械附件-选型沙盘 | C58: =C57+1 -> 237010 | D58: 夹持器 Clamp | E58: 夹持器 Clamp | F58: 夹持器 Clamp
A59: 237 | B59: 外科手术器械附件-选型沙盘 | C59: =C58+1 -> 237011 | D59: 护手挡板 Arm&Leg Guards | E59: 护手挡板 Arm&Leg Guards | F59: 护手挡板 Arm&Leg Guards
A60: 238 | B60: 整机-选型沙盘 | C60: =A60&"001" -> 238001 | D60: 流水线轨道及附件 | E60: 流水线轨道及附件 | F60: 流水线轨道及附件
A61: 238 | B61: 整机-选型沙盘 | C61: =C60+1 -> 238002 | D61: 阅片机及附件 | E61: 阅片机及附件 | F61: 阅片机及附件
A62: 238 | B62: 整机-选型沙盘 | C62: =C61+1 -> 238003 | D62: AED培训机及附件 | E62: AED培训机及附件 | F62: AED培训机及附件
A63: 238 | B63: 整机-选型沙盘 | C63: =C62+1 -> 238004 | D63: 尿液分析仪及附件 | E63: 尿液分析仪及附件 | F63: 尿液分析仪及附件
A64: 238 | B64: 整机-选型沙盘 | C64: =C63+1 -> 238005 | D64: 体温计及附件 | E64: 体温计及附件 | F64: 体温计及附件
A65: 238 | B65: 整机-选型沙盘 | C65: =C64+1 -> 238006 | D65: 输液加温器 | E65: 输液加温器 | F65: 输液加温器
A66: 238 | B66: 整机-选型沙盘 | C66: =C65+1 -> 238007 | D66: 血红蛋白分析仪 | E66: 血红蛋白分析仪 | F66: 血红蛋白分析仪
A67: 238 | B67: 整机-选型沙盘 | C67: =C66+1 -> 238008 | D67: 血糖仪及附件 | E67: 血糖仪及附件 | F67: 血糖仪及附件
A68: 238 | B68: 整机-选型沙盘 | C68: =C67+1 -> 238009 | D68: 水机 | E68: 水机 | F68: 水机
A69: 239 | B69: 整机配套附件-选型沙盘 | C69: =A69&"001" -> 239001 | D69: 流水线轨道及附件 | E69: 流水线轨道及附件 | F69: 流水线轨道及附件
A70: 239 | B70: 整机配套附件-选型沙盘 | C70: =C69+1 -> 239002 | D70: 阅片机及附件 | E70: 阅片机及附件 | F70: 阅片机及附件
A71: 239 | B71: 整机配套附件-选型沙盘 | C71: =C70+1 -> 239003 | D71: AED培训机及附件 | E71: AED培训机及附件 | F71: AED培训机及附件
A72: 239 | B72: 整机配套附件-选型沙盘 | C72: =C71+1 -> 239004 | D72: 尿液分析仪及附件 | E72: 尿液分析仪及附件 | F72: 尿液分析仪及附件
A73: 239 | B73: 整机配套附件-选型沙盘 | C73: =C72+1 -> 239005 | D73: 体温计及附件 | E73: 体温计及附件 | F73: 体温计及附件
A74: 239 | B74: 整机配套附件-选型沙盘 | C74: =C73+1 -> 239006 | D74: 输液加温器 | E74: 输液加温器 | F74: 输液加温器
A75: 239 | B75: 整机配套附件-选型沙盘 | C75: =C74+1 -> 239007 | D75: 血红蛋白分析仪 | E75: 血红蛋白分析仪 | F75: 血红蛋白分析仪
A76: 239 | B76: 整机配套附件-选型沙盘 | C76: =C75+1 -> 239008 | D76: 血糖仪及附件 | E76: 血糖仪及附件 | F76: 血糖仪及附件
A77: 239 | B77: 整机配套附件-选型沙盘 | C77: =C76+1 -> 239009 | D77: 水机 | E77: 水机 | F77: 水机
A78: 356 | B78: 抑菌剂 | C78: =A78&"001" -> 356001 | D78: NaN3 | E78: NaN3 | F78: NaN3
A79: 356 | B79: 抑菌剂 | C79: =C78+1 -> 356002 | D79: PC300 | E79: PC300 | F79: PC300
A80: 356 | B80: 抑菌剂 | C80: =C79+1 -> 356003 | D80: BND | E80: BND | F80: BND
A81: 356 | B81: 抑菌剂 | C81: =C80+1 -> 356004 | D81: CAA | E81: CAA | F81: CAA
A82: 356 | B82: 抑菌剂 | C82: =C81+1 -> 356005 | D82: MIT | E82: MIT | F82: MIT
A83: 356 | B83: 抑菌剂 | C83: =C82+1 -> 356006 | D83: IZU | E83: IZU | F83: IZU
A84: 356 | B84: 抑菌剂 | C84: =C83+1 -> 356007 | D84: PC950 | E84: PC950 | F84: PC950
A85: 356 | B85: 抑菌剂 | C85: =C84+1 -> 356008 | D85: MCI | E85: MCI | F85: MCI
A86: 356 | B86: 抑菌剂 | C86: =C85+1 -> 356009 | D86: 重氮咪唑烷基脲 | E86: 重氮咪唑烷基脲 | F86: 重氮咪唑烷基脲
A87: 356 | B87: 抑菌剂 | C87: =C86+1 -> 356010 | D87: 甲基异噻唑啉酮MIT-10 | E87: 甲基异噻唑啉酮MIT-10 | F87: 甲基异噻唑啉酮MIT-10
A88: 356 | B88: 抑菌剂 | C88: =C87+1 -> 356011 | D88: 甲基异噻唑啉酮MIT-50 | E88: 甲基异噻唑啉酮MIT-50 | F88: 甲基异噻唑啉酮MIT-50
A89: 356 | B89: 抑菌剂 | C89: =C88+1 -> 356012 | D89: 苯并异噻唑啉酮BIT-10 | E89: 苯并异噻唑啉酮BIT-10 | F89: 苯并异噻唑啉酮BIT-10
A90: 356 | B90: 抑菌剂 | C90: =C89+1 -> 356013 | D90: DMDM乙內酰脲 | E90: DMDM乙內酰脲 | F90: DMDM乙內酰脲
... A100: 356 | B100: 抑菌剂 | C100: =C99+1 -> 356023 | D100: 其它 | E100: 其它 | F100: 其它
A101: 357 | B101: 活性化学试剂 | C101: =A101&"001" -> 357001 | D101: 小分子活性化学试剂 | E101: 小分子活性化学试剂 | F101: 小分子活性化学试剂
A102: 357 | B102: 活性化学试剂 | C102: =C101+1 -> 357002 | D102: 交联剂 | E102: 交联剂 | F102: 交联剂
A103: 358 | B103: 常规化学试剂 | C103: =A103&"001" -> 358001 | D103: 醋酸盐 | E103: 醋酸盐 | F103: 醋酸盐
A104: 358 | B104: 常规化学试剂 | C104: =C103+1 -> 358002 | D104: 甲酸盐 | E104: 甲酸盐 | F104: 甲酸盐
A105: 358 | B105: 常规化学试剂 | C105: =C104+1 -> 358003 | D105: 磷酸盐 | E105: 磷酸盐 | F105: 磷酸盐
A106: 358 | B106: 常规化学试剂 | C106: =C105+1 -> 358004 | D106: 碳酸盐 | E106: 碳酸盐 | F106: 碳酸盐
A107: 358 | B107: 常规化学试剂 | C107: =C106+1 -> 358005 | D107: 硫酸盐 | E107: 硫酸盐 | F107: 硫酸盐
A108: 358 | B108: 常规化学试剂 | C108: =C107+1 -> 358006 | D108: 柠檬酸盐 | E108: 柠檬酸盐 | F108: 柠檬酸盐
A109: 358 | B109: 常规化学试剂 | C109: =C108+1 -> 358007 | D109: 硼酸盐 | E109: 硼酸盐 | F109: 硼酸盐
...

Sheet 地图与制造商
A1: 地图ID | B1: 制造商编码 | C1: 制造商名称 | D1: 小品类
A2: 227 | B2: M01397 | C2: Pulsion | D2: =VLOOKUP(A2,能力地图!A:C,3,0) -> 001400020007
A3: 228 | B3: M00152 | C3: Edwards | D3: =VLOOKUP(A3,能力地图!A:C,3,0) -> 001400020008
A4: 228 | B4: M01691 | C4: Medis | D4: =VLOOKUP(A4,能力地图!A:C,3,0) -> 001400020008
A5: 229 | B5: M01995 | C5: Mdoloris | D5: =VLOOKUP(A5,能力地图!A:C,3,0) -> 001400020009
A6: 230 | B6: 潜在制造商 | C6: Medtronic | D6: =VLOOKUP(A6,能力地图!A:C,3,0) -> 001400020010
A7: 230 | B7: M01399 | C7: Respironic | D7: =VLOOKUP(A7,能力地图!A:C,3,0) -> 001400020010
A8: 231 | B8: M01329 | C8: A&T | D8: =VLOOKUP(A8,能力地图!A:C,3,0) -> 001400020011
A9: 231 | B9: M01515 | C9: 凯特 | D9: =VLOOKUP(A9,能力地图!A:C,3,0) -> 001400020011
A10: 231 | B10: M01379 | C10: Medica | D10: =VLOOKUP(A10,能力地图!A:C,3,0) -> 001400020011
A11: 233 | B11: M01938 | C11: 经方 | D11: =VLOOKUP(A11,能力地图!A:C,3,0) -> 001400030002
A12: 233 | B12: M02206 | C12: 立普 | D12: =VLOOKUP(A12,能力地图!A:C,3,0) -> 001400030002
A13: 233 | B13: M02245 | C13: 延顺 | D13: =VLOOKUP(A13,能力地图!A:C,3,0) -> 001400030002
... A273: 303 | B273: M-1700 | C273: 迈瑞机加中心 | D273: =VLOOKUP(A273,能力地图!A:C,3,0) -> 001800020001
A274: 221 | B274: 潜在制造商 | C274: Cardinal
A275: 221 | B275: M00919 | C275: 青岛光电
A276: 221 | B276: M01955 | C276: 英科
A277: 221 | B277: 潜在制造商 | C277: 3M
A278: 221 | B278: M01531 | C278: 美的连
A279: 221 | B279: M02135 | C279: Ambu
A280: 105 | B280: M01521 | C280: 立讯
A281: 105 | B281: M01519 | C281: 乐利
A282: 105 | B282: M02161 | C282: 卡莱
A283: 105 | B283: M01564 | C283: 泰嘉
A284: 105 | B284: M01487 | C284: 华展
A285: 105 | B285: M02294 | C285: 美博
... A310: 103 | B310: 潜在制造商 | C310: 43所

Sheet 能力值
A1: 地图ID | B1: 地图名称 | C1: 能力ID | D1: 三级能力描述 | E1: 制造商编码 | F1: 制造商名称 | G1: 能力值
A2: 227 | B2: CO/PICCO附件-选型沙盘 | C2: 227001 | D2: 创伤性（微创） | E2: M01397 | F2: Pulsion | G2: A
A3: 227 | B3: CO/PICCO附件-选型沙盘 | C3: 227002 | D3: 典型操作部位（颈静脉+股动脉） | E3: M01397 | F3: Pulsion | G3: A
A4: 227 | B4: CO/PICCO附件-选型沙盘 | C4: 227003 | D4: 测量原理（经肺CO +_x000B_脉搏Contour图分析） | E4: M01397 | F4: Pulsion | G4: A
A5: 228 | B5: ICG/FLOTRAC附件-选型沙盘 | C5: 228001 | D5: 创伤性（无创） | E5: M00152 | F5: Edwards | G5: C
A6: 228 | B6: ICG/FLOTRAC附件-选型沙盘 | C6: 228001 | D6: 创伤性（无创） | E6: M01691 | F6: Medis | G6: A
A7: 228 | B7: ICG/FLOTRAC附件-选型沙盘 | C7: 228002 | D7: 创伤性（微创） | E7: M00152 | F7: Edwards | G7: A
A8: 228 | B8: ICG/FLOTRAC附件-选型沙盘 | C8: 228002 | D8: 创伤性（微创） | E8: M01691 | F8: Medis | G8: C
A9: 228 | B9: ICG/FLOTRAC附件-选型沙盘 | C9: 228003 | D9: 典型操作部位（动脉） | E9: M00152 | F9: Edwards | G9: A
A10: 228 | B10: ICG/FLOTRAC附件-选型沙盘 | C10: 228003 | D10: 典型操作部位（动脉） | E10: M01691 | F10: Medis | G10: C
A11: 228 | B11: ICG/FLOTRAC附件-选型沙盘 | C11: 228004 | D11: 典型操作部位（颈部和胸部皮肤外表面） | E11: M00152 | F11: Edwards | G11: C
A12: 228 | B12: ICG/FLOTRAC附件-选型沙盘 | C12: 228004 | D12: 典型操作部位（颈部和胸部皮肤外表面） | E12: M01691 | F12: Medis | G12: A
A13: 228 | B13: ICG/FLOTRAC附件-选型沙盘 | C13: 228005 | D13: 测量原理（脉搏Contour图分析） | E13: M00152 | F13: Edwards | G13: A
A14: 228 | B14: ICG/FLOTRAC附件-选型沙盘 | C14: 228005 | D14: 测量原理（脉搏Contour图分析） | E14: M01691 | F14: Medis | G14: C
A15: 228 | B15: ICG/FLOTRAC附件-选型沙盘 | C15: 228006 | D15: 测量原理（电阻抗法） | E15: M00152 | F15: Edwards | G15: C
A16: 228 | B16: ICG/FLOTRAC附件-选型沙盘 | C16: 228006 | D16: 测量原理（电阻抗法） | E16: M01691 | F16: Medis | G16: A
A17: 229 | B17: 疼痛参数附件-选型沙盘 | C17: 229001 | D17: 疼痛参数ANIi（0-100） | E17: M01995 | F17: Mdoloris | G17: A
A18: 229 | B18: 疼痛参数附件-选型沙盘 | C18: 229002 | D18: 疼痛参数ANIm（0-100） | E18: M01995 | F18: Mdoloris | G18: A
A19: 229 | B19: 疼痛参数附件-选型沙盘 | C19: 229003 | D19: 通讯接口RS232 | E19: M01995 | F19: Mdoloris | G19: A
A20: 229 | B20: 疼痛参数附件-选型沙盘 | C20: 229004 | D20: 典型操作部位（胸部） | E20: M01995 | F20: Mdoloris | G20: A
A21: 230 | B21: CO2附件-选型沙盘 | C21: 230001 | D21: 微流 | E21: 潜在制造商 | F21: Medtronic | G21: A
A22: 230 | B22: CO2附件-选型沙盘 | C22: 230001 | D22: 微流 | E22: M01399 | F22: Respironic | G22: C
A23: 230 | B23: CO2附件-选型沙盘 | C23: 230002 | D23: 主流 | E23: 潜在制造商 | F23: Medtronic | G23: C
A24: 230 | B24: CO2附件-选型沙盘 | C24: 230002 | D24: 主流 | E24: M01399 | F24: Respironic | G24: A
A25: 230 | B25: CO2附件-选型沙盘 | C25: 230003 | D25: 采样方式（气路采样） | E25: 潜在制造商 | F25: Medtronic | G25: A
A26: 230 | B26: CO2附件-选型沙盘 | C26: 230003 | D26: 采样方式（气路采样） | E26: M01399 | F26: Respironic | G26: A
A27: 230 | B27: CO2附件-选型沙盘 | C27: 230004 | D27: 采样方式（鼻腔采样） | E27: 潜在制造商 | F27: Medtronic | G27: A
A28: 230 | B28: CO2附件-选型沙盘 | C28: 230004 | D28: 采样方式（鼻腔采样） | E28: M01399 | F28: Respironic | G28: C
A29: 230 | B29: CO2附件-选型沙盘 | C29: 230005 | D29: 无创 | E29: 潜在制造商 | F29: Medtronic | G29: A
A30: 230 | B30: CO2附件-选型沙盘 | C30: 230005 | D30: 无创 | E30: M01399 | F30: Respironic | G30: A
A31: 230 | B31: CO2附件-选型沙盘 | C31: 230006 | D31: CE | E31: 潜在制造商 | F31: Medtronic | G31: A
A32: 230 | B32: CO2附件-选型沙盘 | C32: 230006 | D32: CE | E32: M01399 | F32: Respironic | G32: A
A33: 230 | B33: CO2附件-选型沙盘 | C33: 230007 | D33: FDA | E33: 潜在制造商 | F33: Medtronic | G33: A
A34: 230 | B34: CO2附件-选型沙盘 | C34: 230007 | D34: FDA | E34: M01399 | F34: Respironic | G34: A
... A42: 230 | B42: CO2附件-选型沙盘 | C42: 230011 | D42: 成人 | E42: M01399 | F42: Respironic | G42: A
A43: 231 | B43: ISE电解质模块及附件-选型沙盘 | C43: 231001 | D43: 间接法 | E43: M01329 | F43: A&T | G43: A
A44: 231 | B44: ISE电解质模块及附件-选型沙盘 | C44: 231001 | D44: 间接法 | E44: M01515 | F44: 凯特 | G44: C
A45: 231 | B45: ISE电解质模块及附件-选型沙盘 | C45: 231001 | D45: 间接法 | E45: M01379 | F45: Medica | G45: C
A46: 231 | B46: ISE电解质模块及附件-选型沙盘 | C46: 231002 | D46: 直接法 | E46: M01329 | F46: A&T | G46: C
A47: 231 | B47: ISE电解质模块及附件-选型沙盘 | C47: 231002 | D47: 直接法 | E47: M01515 | F47: 凯特 | G47: A
A48: 231 | B48: ISE电解质模块及附件-选型沙盘 | C48: 231002 | D48: 直接法 | E48: M01379 | F48: Medica | G48: A
A49: 231 | B49: ISE电解质模块及附件-选型沙盘 | C49: 231003 | D49: 测试速度（血清）（200样本/H） | E49: M01329 | F49: A&T | G49: A
A50: 231 | B50: ISE电解质模块及附件-选型沙盘 | C50: 231003 | D50: 测试速度（血清）（200样本/H） | E50: M01515 | F50: 凯特 | G50: C
A51: 231 | B51: ISE电解质模块及附件-选型沙盘 | C51: 231003 | D51: 测试速度（血清）（200样本/H） | E51: M01379 | F51: Medica | G51: C
A52: 231 | B52: ISE电解质模块及附件-选型沙盘 | C52: 231004 | D52: 测试速度（血清）（100样本/H） | E52: M01329 | F52: A&T | G52: A
A53: 231 | B53: ISE电解质模块及附件-选型沙盘 | C53: 231004 | D53: 测试速度（血清）（100样本/H） | E53: M01515 | F53: 凯特 | G53: A
A54: 231 | B54: ISE电解质模块及附件-选型沙盘 | C54: 231004 | D54: 测试速度（血清）（100样本/H） | E54: M01379 | F54: Medica | G54: A
A55: 231 | B55: ISE电解质模块及附件-选型沙盘 | C55: 231005 | D55: 测试速度（尿液）（133样本/H） | E55: M01329 | F55: A&T | G55: A
A56: 231 | B56: ISE电解质模块及附件-选型沙盘 | C56: 231005 | D56: 测试速度（尿液）（133样本/H） | E56: M01515 | F56: 凯特 | G56: C
A57: 231 | B57: ISE电解质模块及附件-选型沙盘 | C57: 231005 | D57: 测试速度（尿液）（133样本/H） | E57: M01379 | F57: Medica | G57: C
... A81: 231 | B81: ISE电解质模块及附件-选型沙盘 | C81: 231013 | D81: Cl样本数量10000 | E81: M01329 | F81: A&T | G81: A
A82: 233 | B82: 探头声头附件-选型沙盘 | C82: 233001 | D82: 单键 | E82: M01938 | F82: 经方 | G82: C
A83: 233 | B83: 探头声头附件-选型沙盘 | C83: 233001 | D83: 单键 | E83: M02206 | F83: 立普 | G83: C
A84: 233 | B84: 探头声头附件-选型沙盘 | C84: 233001 | D84: 单键 | E84: M02245 | F84: 延顺 | G84: C
A85: 233 | B85: 探头声头附件-选型沙盘 | C85: 233001 | D85: 单键 | E85: M00103 | F85: CIVCO | G85: C
A86: 233 | B86: 探头声头附件-选型沙盘 | C86: 233001 | D86: 单键 | E86: M02236 | F86: Asahi | G86: C
A87: 233 | B87: 探头声头附件-选型沙盘 | C87: 233001 | D87: 单键 | E87: M00971 | F87: 汕头斯纳 | G87: C
A88: 233 | B88: 探头声头附件-选型沙盘 | C88: 233001 | D88: 单键 | E88: M01215 | F88: ECO | G88: C
A89: 233 | B89: 探头声头附件-选型沙盘 | C89: 233001 | D89: 单键 | E89: M01255 | F89: Steute | G89: A
A90: 233 | B90: 探头声头附件-选型沙盘 | C90: 233001 | D90: 单键 | E90: M00525 | F90: Suns | G90: A
A91: 233 | B91: 探头声头附件-选型沙盘 | C91: 233001 | D91: 单键 | E91: M00316 | F91: LINEMASTER | G91: A
A92: 233 | B92: 探头声头附件-选型沙盘 | C92: 233001 | D92: 单键 | E92: 潜在制造商 | F92: 杭州鑫泽源 | G92: C
A93: 233 | B93: 探头声头附件-选型沙盘 | C93: 233001 | D93: 单键 | E93: 潜在制造商 | F93: 阳谷景阳冈 | G93: C
A94: 233 | B94: 探头声头附件-选型沙盘 | C94: 233002 | D94: 多键 | E94: M01938 | F94: 经方 | G94: C
A95: 233 | B95: 探头声头附件-选型沙盘 | C95: 233002 | D95: 多键 | E95: M02206 | F95: 立普 | G95: C
A96: 233 | B96: 探头声头附件-选型沙盘 | C96: 233002 | D96: 多键 | E96: M02245 | F96: 延顺 | G96: C
A97: 233 | B97: 探头声头附件-选型沙盘 | C97: 233002 | D97: 多键 | E97: M00103 | F97: CIVCO | G97: C
A98: 233 | B98: 探头声头附件-选型沙盘 | C98: 233002 | D98: 多键 | E98: M02236 | F98: Asahi | G98: C
A99: 233 | B99: 探头声头附件-选型沙盘 | C99: 233002 | D99: 多键 | E99: M00971 | F99: 汕头斯纳 | G99: C
A100: 233 | B100: 探头声头附件-选型沙盘 | C100: 233002 | D100: 多键 | E100: M01215 | F100: ECO | G100: C
A101: 233 | B101: 探头声头附件-选型沙盘 | C101: 233002 | D101: 多键 | E101: M01255 | F101: Steute | G101: A
A102: 233 | B102: 探头声头附件-选型沙盘 | C102: 233002 | D102: 多键 | E102: M00525 | F102: Suns | G102: A
A103: 233 | B103: 探头声头附件-选型沙盘 | C103: 233002 | D103: 多键 | E103: M00316 | F103: LINEMASTER | G103: A
A104: 233 | B104: 探头声头附件-选型沙盘 | C104: 233002 | D104: 多键 | E104: 潜在制造商 | F104: 杭州鑫泽源 | G104: C
A105: 233 | B105: 探头声头附件-选型沙盘 | C105: 233002 | D105: 多键 | E105: 潜在制造商 | F105: 阳谷景阳冈 | G105: C
... A201: 233 | B201: 探头声头附件-选型沙盘 | C201: 233010 | D201: 牙套附件 | E201: 潜在制造商 | F201: 阳谷景阳冈 | G201: C
A202: 237 | B202: 外科手术器械附件-选型沙盘 | C202: 237001 | D202: 万向臂及其相关组件 Schure Loc XPS | E202: 潜在制造商 | F202: Allen | G202: C
A203: 237 | B203: 外科手术器械附件-选型沙盘 | C203: 237001 | D203: 万向臂及其相关组件 Schure Loc XPS | E203: 潜在制造商 | F203: Doro | G203: C
A204: 237 | B204: 外科手术器械附件-选型沙盘 | C204: 237001 | D204: 万向臂及其相关组件 Schure Loc XPS | E204: 潜在制造商 | F204: Reison | G204: C
A205: 237 | B205: 外科手术器械附件-选型沙盘 | C205: 237001 | D205: 万向臂及其相关组件 Schure Loc XPS | E205: 潜在制造商 | F205: 华锡尔 | G205: B
A206: 237 | B206: 外科手术器械附件-选型沙盘 | C206: 237001 | D206: 万向臂及其相关组件 Schure Loc XPS | E206: 潜在制造商 | F206: 奥克兰 | G206: C
A207: 237 | B207: 外科手术器械附件-选型沙盘 | C207: 237001 | D207: 万向臂及其相关组件 Schure Loc XPS | E207: 潜在制造商 | F207: 王工塑料 | G207: C
A208: 237 | B208: 外科手术器械附件-选型沙盘 | C208: 237001 | D208: 万向臂及其相关组件 Schure Loc XPS | E208: 潜在制造商 | F208: Schuremed | G208: A
A209: 237 | B209: 外科手术器械附件-选型沙盘 | C209: 237001 | D209: 万向臂及其相关组件 Schure Loc XPS | E209: 潜在制造商 | F209: 飞曼 | G209: B
A210: 237 | B210: 外科手术器械附件-选型沙盘 | C210: 237001 | D210: 万向臂及其相关组件 Schure Loc XPS | E210: 潜在制造商 | F210: 微创医疗 | G210: C
A211: 237 | B211: 外科手术器械附件-选型沙盘 | C211: 237001 | D211: 万向臂及其相关组件 Schure Loc XPS | E211: 潜在制造商 | F211: 威高医疗 | G211: C
A212: 237 | B212: 外科手术器械附件-选型沙盘 | C212: 237001 | D212: 万向臂及其相关组件 Schure Loc XPS | E212: 潜在制造商 | F212: Meera | G212: A
A213: 237 | B213: 外科手术器械附件-选型沙盘 | C213: 237002 | D213: 肩关节手术板 E-Z Lift Beach Chair | E213: 潜在制造商 | F213: Allen | G213: A
A214: 237 | B214: 外科手术器械附件-选型沙盘 | C214: 237002 | D214: 肩关节手术板 E-Z Lift Beach Chair | E214: 潜在制造商 | F214: Doro | G214: C
A215: 237 | B215: 外科手术器械附件-选型沙盘 | C215: 237002 | D215: 肩关节手术板 E-Z Lift Beach Chair | E215: 潜在制造商 | F215: Reison | G215: C
A216: 237 | B216: 外科手术器械附件-选型沙盘 | C216: 237002 | D216: 肩关节手术板 E-Z Lift Beach Chair | E216: 潜在制造商 | F216: 华锡尔 | G216: A
A217: 237 | B217: 外科手术器械附件-选型沙盘 | C217: 237002 | D217: 肩关节手术板 E-Z Lift Beach Chair | E217: 潜在制造商 | F217: 奥克兰 | G217: C
A218: 237 | B218: 外科手术器械附件-选型沙盘 | C218: 237002 | D218: 肩关节手术板 E-Z Lift Beach Chair | E218: 潜在制造商 | F218: 王工塑料 | G218: C
A219: 237 | B219: 外科手术器械附件-选型沙盘 | C219: 237002 | D219: 肩关节手术板 E-Z Lift Beach Chair | E219: 潜在制造商 | F219: Schuremed | G219: A
A220: 237 | B220: 外科手术器械附件-选型沙盘 | C220: 237002 | D220: 肩关节手术板 E-Z Lift Beach Chair | E220: 潜在制造商 | F220: 飞曼 | G220: A
A221: 237 | B221: 外科手术器械附件-选型沙盘 | C221: 237002 | D221: 肩关节手术板 E-Z Lift Beach Chair | E221: 潜在制造商 | F221: 微创医疗 | G221: C
A222: 237 | B222: 外科手术器械附件-选型沙盘 | C222: 237002 | D222: 肩关节手术板 E-Z Lift Beach Chair | E222: 潜在制造商 | F222: 威高医疗 | G222: C
A223: 237 | B223: 外科手术器械附件-选型沙盘 | C223: 237002 | D223: 肩关节手术板 E-Z Lift Beach Chair | E223: 潜在制造商 | F223: Meera | G223: A
A224: 237 | B224: 外科手术器械附件-选型沙盘 | C224: 237003 | D224: 肘关节支撑架 Elbow Arthroscopy Support | E224: 潜在制造商 | F224: Allen | G224: C
... A322: 237 | B322: 外科手术器械附件-选型沙盘 | C322: 237011 | D322: 护手挡板 Arm&Leg Guards | E322: 潜在制造商 | F322: Meera | G322: A
...
